Date,Open,High,Low,Close,Volume
2024-05-15 00:00:00-04:00,132.8000030517578,134.64999389648438,128.8000030517578,128.85000610351562,1603240
2024-05-16 00:00:00-04:00,129.4499969482422,130.89999389648438,128.1999969482422,128.8000030517578,1352920
2024-05-17 00:00:00-04:00,128.8000030517578,129.5500030517578,125.8499984741211,126.75,1310760
2024-05-20 00:00:00-04:00,126.0,127.9000015258789,124.55000305175781,126.5999984741211,953240
2024-05-21 00:00:00-04:00,126.8499984741211,127.0999984741211,122.75,123.44999694824219,1022400
2024-05-22 00:00:00-04:00,123.80000305175781,129.3000030517578,122.1500015258789,127.19999694824219,1893960
2024-05-23 00:00:00-04:00,123.19999694824219,132.1999969482422,122.44999694824219,130.0,2572020
2024-05-24 00:00:00-04:00,128.60000610351562,129.0500030517578,123.19999694824219,124.9000015258789,1671520
2024-05-28 00:00:00-04:00,123.44999694824219,131.35000610351562,123.19999694824219,128.0500030517578,1322380
2024-05-29 00:00:00-04:00,136.60000610351562,137.1999969482422,132.10000610351562,135.25,1587860
2024-05-30 00:00:00-04:00,135.85000610351562,138.60000610351562,131.0,135.1999969482422,1370340
2024-05-31 00:00:00-04:00,131.25,140.14999389648438,128.14999389648438,129.0,1736680
2024-06-03 00:00:00-04:00,126.19999694824219,134.8000030517578,125.75,127.80000305175781,1119800
2024-06-04 00:00:00-04:00,130.64999389648438,133.85000610351562,127.4000015258789,128.3000030517578,1217280
2024-06-05 00:00:00-04:00,126.25,130.0,124.0999984741211,124.80000305175781,874740
2024-06-06 00:00:00-04:00,123.69999694824219,125.80000305175781,122.8499984741211,123.5999984741211,950480
2024-06-07 00:00:00-04:00,123.4000015258789,124.30000305175781,120.1500015258789,121.75,1136320
2024-06-10 00:00:00-04:00,124.3499984741211,125.19999694824219,120.69999694824219,121.44999694824219,738580
2024-06-11 00:00:00-04:00,123.75,126.05000305175781,120.75,121.5,1265560
2024-06-12 00:00:00-04:00,117.44999694824219,119.4000015258789,116.4000015258789,117.94999694824219,2013520
2024-06-13 00:00:00-04:00,117.69999694824219,122.4000015258789,116.6500015258789,117.94999694824219,1426600
2024-06-14 00:00:00-04:00,122.0,126.6500015258789,120.6500015258789,123.1500015258789,1918060
2024-06-17 00:00:00-04:00,123.05000305175781,125.4000015258789,119.9000015258789,122.05000305175781,1274820
2024-06-18 00:00:00-04:00,120.30000305175781,123.19999694824219,119.5999984741211,121.3499984741211,1088260
2024-06-20 00:00:00-04:00,121.19999694824219,128.6999969482422,120.80000305175781,127.25,2476300
2024-06-21 00:00:00-04:00,128.39999389648438,130.9499969482422,122.1500015258789,123.44999694824219,1585540
2024-06-24 00:00:00-04:00,124.9000015258789,125.25,120.5,122.9000015258789,991740
2024-06-25 00:00:00-04:00,122.30000305175781,123.5,118.3499984741211,118.80000305175781,760120
2024-06-26 00:00:00-04:00,119.3499984741211,120.0999984741211,116.80000305175781,116.94999694824219,834540
2024-06-27 00:00:00-04:00,117.05000305175781,117.3499984741211,115.4000015258789,115.4000015258789,832580
2024-06-28 00:00:00-04:00,115.5999984741211,118.19999694824219,114.6500015258789,117.69999694824219,1381000
2024-07-01 00:00:00-04:00,115.55000305175781,116.69999694824219,110.8499984741211,111.69999694824219,1099580
2024-07-02 00:00:00-04:00,111.80000305175781,111.94999694824219,108.5,108.94999694824219,885180
2024-07-03 00:00:00-04:00,109.0,110.25,108.05000305175781,110.25,508460
2024-07-05 00:00:00-04:00,109.0999984741211,111.5,108.8499984741211,110.19999694824219,1155160
2024-07-08 00:00:00-04:00,108.4000015258789,108.5,106.4000015258789,107.8499984741211,1058780
2024-07-09 00:00:00-04:00,107.1500015258789,108.6500015258789,106.55000305175781,107.8499984741211,935300
2024-07-10 00:00:00-04:00,107.69999694824219,108.05000305175781,105.19999694824219,107.44999694824219,971000
2024-07-11 00:00:00-04:00,105.44999694824219,110.30000305175781,105.19999694824219,107.94999694824219,2664520
2024-07-12 00:00:00-04:00,105.4000015258789,105.55000305175781,102.75,104.9000015258789,1668680
2024-07-15 00:00:00-04:00,104.19999694824219,108.3499984741211,103.30000305175781,107.80000305175781,1652780
2024-07-16 00:00:00-04:00,106.94999694824219,109.0,106.5,108.94999694824219,1247100
2024-07-17 00:00:00-04:00,113.44999694824219,116.9000015258789,111.05000305175781,114.4000015258789,2715240
2024-07-18 00:00:00-04:00,110.8499984741211,122.25,109.9000015258789,119.5,2471000
2024-07-19 00:00:00-04:00,122.0999984741211,129.5,120.05000305175781,127.05000305175781,2165880
2024-07-22 00:00:00-04:00,123.8499984741211,124.3499984741211,116.0,117.4000015258789,1660240
2024-07-23 00:00:00-04:00,117.05000305175781,118.0999984741211,113.25,115.69999694824219,1266560
2024-07-24 00:00:00-04:00,121.5,141.10000610351562,121.05000305175781,139.14999389648438,2744600
2024-07-25 00:00:00-04:00,136.25,147.0500030517578,128.14999389648438,140.60000610351562,3283080
2024-07-26 00:00:00-04:00,134.75,136.10000610351562,128.64999389648438,129.25,1794900
2024-07-29 00:00:00-04:00,127.55000305175781,130.85000610351562,124.3499984741211,126.44999694824219,1206480
2024-07-30 00:00:00-04:00,124.75,138.5500030517578,124.19999694824219,131.85000610351562,1914700
2024-07-31 00:00:00-04:00,126.1500015258789,127.69999694824219,119.80000305175781,126.0999984741211,1752780
2024-08-01 00:00:00-04:00,126.1500015258789,150.64999389648438,124.69999694824219,143.9499969482422,3570980
2024-08-02 00:00:00-04:00,160.5500030517578,203.3000030517578,158.0500030517578,195.10000610351562,7861420
2024-08-05 00:00:00-04:00,324.95001220703125,329.3500061035156,241.8000030517578,308.8500061035156,6153300
2024-08-06 00:00:00-04:00,256.8999938964844,273.6499938964844,174.75,221.1999969482422,2969460
2024-08-07 00:00:00-04:00,180.10000610351562,228.64999389648438,173.6999969482422,212.75,3111440
2024-08-08 00:00:00-04:00,197.75,206.14999389648438,184.85000610351562,188.75,2471680
2024-08-09 00:00:00-04:00,186.0500030517578,192.5,149.0,151.1999969482422,2205500
2024-08-12 00:00:00-04:00,149.89999389648438,155.8000030517578,135.39999389648438,150.0,2325880
2024-08-13 00:00:00-04:00,144.3000030517578,144.8000030517578,132.1999969482422,133.25,1367080
2024-08-14 00:00:00-04:00,128.39999389648438,130.25,118.9000015258789,119.30000305175781,1714240
2024-08-15 00:00:00-04:00,114.4000015258789,117.0999984741211,109.80000305175781,112.0999984741211,1939960
2024-08-16 00:00:00-04:00,115.0999984741211,116.4000015258789,111.05000305175781,112.19999694824219,1938140
2024-08-19 00:00:00-04:00,112.0,112.80000305175781,107.4000015258789,108.5,1585180
2024-08-20 00:00:00-04:00,110.3499984741211,116.30000305175781,109.3499984741211,115.55000305175781,2192780
2024-08-21 00:00:00-04:00,114.8499984741211,122.05000305175781,114.5999984741211,117.5,2887500
2024-08-22 00:00:00-04:00,116.30000305175781,126.5,115.55000305175781,125.5,3217260
2024-08-23 00:00:00-04:00,120.5999984741211,122.5999984741211,113.4000015258789,114.3499984741211,2791220
2024-08-26 00:00:00-04:00,113.1500015258789,118.1500015258789,112.80000305175781,114.0999984741211,2000120
2024-08-27 00:00:00-04:00,116.5,117.75,110.44999694824219,110.55000305175781,1325920
2024-08-28 00:00:00-04:00,111.0,122.4000015258789,110.1500015258789,119.80000305175781,2841140
2024-08-29 00:00:00-04:00,114.3499984741211,116.1500015258789,110.9000015258789,113.8499984741211,2636760
2024-08-30 00:00:00-04:00,110.8499984741211,114.0,108.0,109.1500015258789,2426640
2024-09-03 00:00:00-04:00,112.5,147.5,112.1500015258789,141.5,4803280
2024-09-04 00:00:00-04:00,147.14999389648438,151.8000030517578,132.3000030517578,146.4499969482422,4031900
2024-09-05 00:00:00-04:00,143.5,145.89999389648438,132.85000610351562,136.1999969482422,3560580
2024-09-06 00:00:00-04:00,132.5500030517578,160.89999389648438,130.0,151.8000030517578,5685920
2024-09-09 00:00:00-04:00,146.64999389648438,149.0500030517578,134.5,136.5500030517578,2887220
2024-09-10 00:00:00-04:00,134.64999389648438,146.0,132.35000610351562,133.35000610351562,2339500
2024-09-11 00:00:00-04:00,130.10000610351562,148.85000610351562,124.1500015258789,124.55000305175781,4618280
2024-09-12 00:00:00-04:00,126.55000305175781,130.8000030517578,122.75,122.94999694824219,2766300
2024-09-13 00:00:00-04:00,124.0999984741211,124.5,118.30000305175781,122.25,2654840
2024-09-16 00:00:00-04:00,123.30000305175781,128.35000610351562,122.9000015258789,124.1500015258789,1750040
2024-09-17 00:00:00-04:00,123.6500015258789,130.85000610351562,121.9000015258789,127.9000015258789,3336460
2024-09-18 00:00:00-04:00,127.0999984741211,130.35000610351562,117.5,126.3499984741211,4013920
2024-09-19 00:00:00-04:00,119.25,121.9000015258789,116.75,118.30000305175781,2266440
2024-09-20 00:00:00-04:00,119.44999694824219,120.05000305175781,115.25,117.5999984741211,2240420
2024-09-23 00:00:00-04:00,115.8499984741211,119.6500015258789,114.05000305175781,118.0999984741211,1412160
2024-09-24 00:00:00-04:00,116.94999694824219,123.94999694824219,115.9000015258789,118.19999694824219,1872800
2024-09-25 00:00:00-04:00,119.19999694824219,121.1500015258789,116.8499984741211,120.44999694824219,1570240
2024-09-26 00:00:00-04:00,119.3499984741211,122.44999694824219,118.80000305175781,120.55000305175781,1582480
2024-09-27 00:00:00-04:00,120.5999984741211,129.1999969482422,120.19999694824219,129.0,1951120
2024-09-30 00:00:00-04:00,130.0,134.60000610351562,124.5,124.6500015258789,2785780
2024-10-01 00:00:00-04:00,124.9000015258789,141.6999969482422,124.6500015258789,139.0,6493420
2024-10-02 00:00:00-04:00,139.5500030517578,145.60000610351562,135.0500030517578,136.3000030517578,2758620
2024-10-03 00:00:00-04:00,141.10000610351562,146.6999969482422,137.39999389648438,145.39999389648438,2931320
2024-10-04 00:00:00-04:00,140.3000030517578,144.14999389648438,136.0500030517578,137.3000030517578,2818860
2024-10-07 00:00:00-04:00,140.85000610351562,157.10000610351562,140.3000030517578,155.1999969482422,3002560
2024-10-08 00:00:00-04:00,147.5,149.9499969482422,143.25,146.25,2136120
2024-10-09 00:00:00-04:00,144.60000610351562,145.6999969482422,139.4499969482422,140.60000610351562,1524360
2024-10-10 00:00:00-04:00,141.6999969482422,146.35000610351562,141.3000030517578,143.10000610351562,1740400
2024-10-11 00:00:00-04:00,144.0,144.0,139.0500030517578,140.9499969482422,1467140
2024-10-14 00:00:00-04:00,138.0500030517578,138.64999389648438,131.0,133.4499969482422,1161940
2024-10-15 00:00:00-04:00,129.89999389648438,140.64999389648438,128.39999389648438,140.0,2353760
2024-10-16 00:00:00-04:00,139.25,142.6999969482422,136.35000610351562,137.60000610351562,1444360
2024-10-17 00:00:00-04:00,135.85000610351562,138.4499969482422,133.9499969482422,134.60000610351562,1201440
2024-10-18 00:00:00-04:00,133.0,134.10000610351562,129.3000030517578,129.85000610351562,1140260
2024-10-21 00:00:00-04:00,131.14999389648438,135.1999969482422,129.14999389648438,130.10000610351562,1445760
2024-10-22 00:00:00-04:00,132.85000610351562,134.75,128.10000610351562,129.35000610351562,1218980
2024-10-23 00:00:00-04:00,131.85000610351562,144.25,131.14999389648438,139.10000610351562,2656900
2024-10-24 00:00:00-04:00,134.6999969482422,144.9499969482422,134.25,135.5500030517578,2061940
2024-10-25 00:00:00-04:00,133.35000610351562,145.39999389648438,131.3000030517578,145.3000030517578,2617040
2024-10-28 00:00:00-04:00,136.0,137.5,132.10000610351562,134.89999389648438,1933720
2024-10-29 00:00:00-04:00,135.39999389648438,136.8000030517578,131.0,134.10000610351562,1305140
2024-10-30 00:00:00-04:00,135.89999389648438,139.3000030517578,132.5500030517578,138.64999389648438,1573160
2024-10-31 00:00:00-04:00,144.10000610351562,155.10000610351562,143.75,154.6999969482422,3107300
2024-11-01 00:00:00-04:00,148.60000610351562,151.25,142.9499969482422,150.64999389648438,2336680
2024-11-04 00:00:00-05:00,148.39999389648438,150.0,139.85000610351562,140.9499969482422,2187740
2024-11-05 00:00:00-05:00,137.89999389648438,138.14999389648438,129.3000030517578,129.9499969482422,2605120
2024-11-06 00:00:00-05:00,109.94999694824219,118.25,109.05000305175781,110.55000305175781,2884680
2024-11-07 00:00:00-05:00,107.94999694824219,108.05000305175781,104.80000305175781,105.6500015258789,1818620
2024-11-08 00:00:00-05:00,105.5,107.44999694824219,103.80000305175781,104.69999694824219,1647340
2024-11-11 00:00:00-05:00,102.9000015258789,104.4000015258789,101.55000305175781,104.25,1591000
2024-11-12 00:00:00-05:00,104.75,107.75,103.05000305175781,103.6500015258789,2284800
2024-11-13 00:00:00-05:00,102.5999984741211,104.5,99.55000305175781,100.0999984741211,1966320
2024-11-14 00:00:00-05:00,99.25,101.05000305175781,97.5,99.94999694824219,2048980
2024-11-15 00:00:00-05:00,102.19999694824219,117.44999694824219,101.4000015258789,110.5,5231400
2024-11-18 00:00:00-05:00,109.19999694824219,110.5999984741211,101.80000305175781,104.4000015258789,2112880
2024-11-19 00:00:00-05:00,113.5999984741211,114.0,105.6500015258789,109.8499984741211,2855520
2024-11-20 00:00:00-05:00,109.80000305175781,121.8499984741211,109.19999694824219,115.3499984741211,3030640
2024-11-21 00:00:00-05:00,110.5,119.94999694824219,109.5999984741211,113.8499984741211,2378060
2024-11-22 00:00:00-05:00,113.05000305175781,113.8499984741211,107.19999694824219,107.4000015258789,2241260
2024-11-25 00:00:00-05:00,102.4000015258789,109.0,101.25,101.55000305175781,2340200
2024-11-26 00:00:00-05:00,101.44999694824219,101.44999694824219,98.55000305175781,99.9000015258789,1777740
2024-11-27 00:00:00-05:00,100.19999694824219,104.0,98.5999984741211,99.25,1794220
2024-11-29 00:00:00-05:00,97.75,97.9000015258789,95.75,96.5,1329040
2024-12-02 00:00:00-05:00,96.30000305175781,96.6500015258789,94.75,95.3499984741211,1343980
2024-12-03 00:00:00-05:00,96.5,98.3499984741211,93.30000305175781,94.1500015258789,1733780
2024-12-04 00:00:00-05:00,92.80000305175781,95.25,91.69999694824219,95.25,1639900
2024-12-05 00:00:00-05:00,96.05000305175781,96.44999694824219,94.55000305175781,95.80000305175781,1541900
2024-12-06 00:00:00-05:00,93.05000305175781,94.69999694824219,92.3499984741211,93.25,1471880
2024-12-09 00:00:00-05:00,93.19999694824219,97.5999984741211,92.6500015258789,96.30000305175781,2580660
2024-12-10 00:00:00-05:00,95.44999694824219,96.94999694824219,94.0,96.25,1737320
2024-12-11 00:00:00-05:00,92.5999984741211,95.0,91.80000305175781,94.3499984741211,1350340
2024-12-12 00:00:00-05:00,95.05000305175781,97.0,93.4000015258789,95.4000015258789,2096860
2024-12-13 00:00:00-05:00,93.75,97.30000305175781,93.0,95.4000015258789,1690280
2024-12-16 00:00:00-05:00,94.80000305175781,98.8499984741211,94.75,98.4000015258789,1565020
2024-12-17 00:00:00-05:00,100.0,102.25,98.05000305175781,101.55000305175781,2769500
2024-12-18 00:00:00-05:00,100.1500015258789,127.5999984741211,98.5,126.19999694824219,6725000
2024-12-19 00:00:00-05:00,118.0,145.8000030517578,116.5,143.85000610351562,7279960
2024-12-20 00:00:00-05:00,141.85000610351562,142.85000610351562,110.75,112.0999984741211,4913600
2024-12-23 00:00:00-05:00,109.19999694824219,114.9000015258789,100.94999694824219,101.05000305175781,2592820
2024-12-24 00:00:00-05:00,98.5,98.5,92.4000015258789,92.9000015258789,1818360
2024-12-26 00:00:00-05:00,94.30000305175781,97.94999694824219,92.30000305175781,92.94999694824219,1968220
2024-12-27 00:00:00-05:00,95.75,107.25,94.9000015258789,99.5999984741211,4999780
2024-12-30 00:00:00-05:00,108.5,112.80000305175781,98.30000305175781,102.6500015258789,4734380
2024-12-31 00:00:00-05:00,100.05000305175781,105.4000015258789,98.9000015258789,103.5999984741211,2620200
2025-01-02 00:00:00-05:00,101.30000305175781,114.5999984741211,100.55000305175781,107.0,3136660
2025-01-03 00:00:00-05:00,104.25,105.3499984741211,97.94999694824219,97.94999694824219,2958860
2025-01-06 00:00:00-05:00,97.44999694824219,100.4000015258789,95.19999694824219,97.55000305175781,2315040
2025-01-07 00:00:00-05:00,96.0,108.80000305175781,95.5999984741211,106.19999694824219,4114880
2025-01-08 00:00:00-05:00,107.80000305175781,113.0,103.9000015258789,105.1500015258789,4061080
2025-01-10 00:00:00-05:00,111.30000305175781,119.30000305175781,109.44999694824219,115.5,4273720
2025-01-13 00:00:00-05:00,121.55000305175781,122.94999694824219,111.05000305175781,112.30000305175781,2848200
2025-01-14 00:00:00-05:00,109.05000305175781,114.44999694824219,105.19999694824219,109.0,2655800
2025-01-15 00:00:00-05:00,100.44999694824219,100.80000305175781,95.75,95.75,3731180
2025-01-16 00:00:00-05:00,95.19999694824219,96.6500015258789,94.0,95.3499984741211,2315960
2025-01-17 00:00:00-05:00,93.0,96.55000305175781,93.0,96.55000305175781,1899480
2025-01-21 00:00:00-05:00,93.44999694824219,94.6500015258789,90.05000305175781,90.75,2716940
2025-01-22 00:00:00-05:00,90.19999694824219,92.94999694824219,90.0999984741211,92.5999984741211,1632620
2025-01-23 00:00:00-05:00,92.3499984741211,92.3499984741211,89.19999694824219,90.1500015258789,2275660
2025-01-24 00:00:00-05:00,89.0,90.55000305175781,88.30000305175781,89.0999984741211,2356700
2025-01-27 00:00:00-05:00,105.55000305175781,105.75,96.3499984741211,98.55000305175781,7384140
2025-01-28 00:00:00-05:00,96.44999694824219,100.55000305175781,92.19999694824219,93.05000305175781,3505680
2025-01-29 00:00:00-05:00,92.8499984741211,98.0999984741211,92.0999984741211,92.5999984741211,3490980
2025-01-30 00:00:00-05:00,90.75,93.9000015258789,90.44999694824219,92.0,2913080
2025-01-31 00:00:00-05:00,90.5999984741211,98.75,89.69999694824219,96.8499984741211,5577820
2025-02-03 00:00:00-05:00,107.0,110.0,94.4000015258789,99.69999694824219,8777440
2025-02-04 00:00:00-05:00,97.8499984741211,99.80000305175781,94.4000015258789,95.5,3043260
2025-02-05 00:00:00-05:00,95.69999694824219,97.44999694824219,92.0,92.30000305175781,3443360
2025-02-06 00:00:00-05:00,91.25,94.0,90.8499984741211,91.3499984741211,2636260
2025-02-07 00:00:00-05:00,90.3499984741211,96.3499984741211,90.1500015258789,95.94999694824219,5641180
2025-02-10 00:00:00-05:00,93.25,94.69999694824219,92.30000305175781,92.44999694824219,2825600
2025-02-11 00:00:00-05:00,93.69999694824219,93.80000305175781,91.4000015258789,92.8499984741211,2225660
2025-02-12 00:00:00-05:00,95.9000015258789,96.69999694824219,91.6500015258789,92.25,4582800
2025-02-13 00:00:00-05:00,91.80000305175781,93.69999694824219,89.80000305175781,89.94999694824219,4252840
2025-02-14 00:00:00-05:00,89.80000305175781,91.0,88.94999694824219,89.3499984741211,2855980
2025-02-18 00:00:00-05:00,88.5,90.0,87.69999694824219,88.69999694824219,3213020
2025-02-19 00:00:00-05:00,89.9000015258789,90.05000305175781,87.19999694824219,87.30000305175781,2579900
2025-02-20 00:00:00-05:00,87.0999984741211,90.25,86.3499984741211,87.75,3982340
2025-02-21 00:00:00-05:00,88.0,98.05000305175781,87.9000015258789,97.0,8393080
2025-02-24 00:00:00-05:00,94.4000015258789,101.25,92.5999984741211,97.8499984741211,5716840
2025-02-25 00:00:00-05:00,99.25,105.5,95.75,98.69999694824219,6747100
2025-02-26 00:00:00-05:00,97.75,100.44999694824219,92.55000305175781,95.94999694824219,5060700
2025-02-27 00:00:00-05:00,94.25,104.69999694824219,93.0999984741211,104.0999984741211,5920740
2025-02-28 00:00:00-05:00,105.44999694824219,109.3499984741211,100.0,100.55000305175781,5389000
2025-03-03 00:00:00-05:00,98.44999694824219,117.8499984741211,98.0999984741211,113.9000015258789,5852700
2025-03-04 00:00:00-05:00,120.80000305175781,130.89999389648438,109.6500015258789,117.8499984741211,7321780
2025-03-05 00:00:00-05:00,116.44999694824219,121.5,109.44999694824219,110.0,5787740
2025-03-06 00:00:00-05:00,120.19999694824219,128.5500030517578,115.9000015258789,127.5,5008140
2025-03-07 00:00:00-05:00,127.5,133.5500030517578,118.30000305175781,119.30000305175781,4207840
2025-03-10 00:00:00-04:00,129.5,142.0500030517578,126.8499984741211,138.75,5062620
2025-03-11 00:00:00-04:00,140.0500030517578,150.9499969482422,135.1999969482422,138.0500030517578,4399900
2025-03-12 00:00:00-04:00,130.5500030517578,140.4499969482422,126.44999694824219,128.14999389648438,4377100
2025-03-13 00:00:00-04:00,128.89999389648438,140.64999389648438,125.4000015258789,135.64999389648438,4584000
2025-03-14 00:00:00-04:00,129.6999969482422,130.6999969482422,118.19999694824219,118.94999694824219,3218120
2025-03-17 00:00:00-04:00,116.5999984741211,116.9000015258789,110.9000015258789,111.9000015258789,2541000
2025-03-18 00:00:00-04:00,110.94999694824219,119.0,110.9000015258789,116.25,2749540
2025-03-19 00:00:00-04:00,114.75,116.1500015258789,106.5,110.5999984741211,3464700
2025-03-20 00:00:00-04:00,113.69999694824219,114.4000015258789,106.25,108.0,3282980
2025-03-21 00:00:00-04:00,111.6500015258789,113.25,107.0,107.80000305175781,4050140
2025-03-24 00:00:00-04:00,101.5999984741211,102.19999694824219,96.9000015258789,96.94999694824219,3584660
2025-03-25 00:00:00-04:00,96.1500015258789,99.0,95.9000015258789,98.3499984741211,1825880
2025-03-26 00:00:00-04:00,96.5,105.94999694824219,96.5,102.8499984741211,4649920
2025-03-27 00:00:00-04:00,104.5999984741211,107.55000305175781,101.5999984741211,104.0999984741211,4654180
2025-03-28 00:00:00-04:00,106.19999694824219,118.25,104.4000015258789,116.8499984741211,6936380
2025-03-31 00:00:00-04:00,127.44999694824219,130.5500030517578,115.4000015258789,117.1500015258789,5951560
2025-04-01 00:00:00-04:00,119.6500015258789,126.05000305175781,114.9000015258789,117.5,4116600
2025-04-02 00:00:00-04:00,124.8499984741211,124.94999694824219,109.75,112.75,4926480
2025-04-03 00:00:00-04:00,137.9499969482422,154.9499969482422,132.60000610351562,154.39999389648438,8330120
2025-04-04 00:00:00-04:00,182.4499969482422,206.5,170.4499969482422,198.9499969482422,8396220
2025-04-07 00:00:00-04:00,228.5,240.6999969482422,178.25,198.75,5474120
2025-04-08 00:00:00-04:00,172.35000610351562,266.04998779296875,170.10000610351562,238.4499969482422,6616600
2025-04-09 00:00:00-04:00,251.5,259.25,148.8000030517578,163.0500030517578,5712900
2025-04-10 00:00:00-04:00,182.4499969482422,237.39999389648438,173.75,209.0,6032980
2025-04-11 00:00:00-04:00,218.39999389648438,234.75,199.64999389648438,202.3000030517578,3832220
2025-04-14 00:00:00-04:00,174.64999389648438,195.4499969482422,165.14999389648438,166.64999389648438,3595780
2025-04-15 00:00:00-04:00,166.85000610351562,170.0500030517578,156.60000610351562,165.0500030517578,2742280
2025-04-16 00:00:00-04:00,175.0,191.35000610351562,166.4499969482422,184.85000610351562,3719840
2025-04-17 00:00:00-04:00,178.25,183.1999969482422,175.4499969482422,177.3000030517578,1682340
2025-04-21 00:00:00-04:00,181.60000610351562,200.10000610351562,179.64999389648438,193.75,2601820
2025-04-22 00:00:00-04:00,183.64999389648438,184.35000610351562,173.4499969482422,176.10000610351562,2108640
2025-04-23 00:00:00-04:00,161.75,174.0500030517578,157.14999389648438,164.6999969482422,2247700
2025-04-24 00:00:00-04:00,163.39999389648438,164.0,155.35000610351562,156.10000610351562,1652980
2025-04-25 00:00:00-04:00,156.1999969482422,160.9499969482422,147.0,147.4499969482422,2141740
2025-04-28 00:00:00-04:00,144.8000030517578,156.5500030517578,144.0,148.39999389648438,2397800
2025-04-29 00:00:00-04:00,150.4499969482422,151.89999389648438,145.14999389648438,145.75,1916700
2025-04-30 00:00:00-04:00,153.75,164.5,149.35000610351562,151.3000030517578,3314980
2025-05-01 00:00:00-04:00,145.0500030517578,151.25,144.3000030517578,147.6999969482422,2078520
2025-05-02 00:00:00-04:00,143.25,144.85000610351562,138.0500030517578,138.5500030517578,2218860
2025-05-05 00:00:00-04:00,142.39999389648438,144.14999389648438,138.60000610351562,142.39999389648438,1720480
2025-05-06 00:00:00-04:00,148.14999389648438,151.5,144.35000610351562,150.6999969482422,2379740
2025-05-07 00:00:00-04:00,147.89999389648438,152.3000030517578,143.39999389648438,144.75,2431580
2025-05-08 00:00:00-04:00,140.89999389648438,142.8000030517578,134.5,136.6999969482422,2781420
2025-05-09 00:00:00-04:00,135.4499969482422,137.0500030517578,132.5500030517578,134.9499969482422,2004880
2025-05-12 00:00:00-04:00,119.05000305175781,119.75,108.3499984741211,108.55000305175781,2962820
2025-05-13 00:00:00-04:00,106.05000305175781,107.69999694824219,102.69999694824219,107.5,2595280
2025-05-14 00:00:00-04:00,107.25,111.5999984741211,107.25,110.69999694824219,2615340
2025-05-15 00:00:00-04:00,112.44999694824219,114.0,107.9000015258789,108.1500015258789,2085500
2025-05-16 00:00:00-04:00,106.5,108.8499984741211,105.55000305175781,107.55000305175781,2131060
2025-05-19 00:00:00-04:00,114.5,115.0,108.1500015258789,109.1500015258789,2661840
2025-05-20 00:00:00-04:00,109.19999694824219,112.19999694824219,107.5,107.69999694824219,3339180
2025-05-21 00:00:00-04:00,111.5999984741211,121.3499984741211,108.4000015258789,118.94999694824219,5701960
2025-05-22 00:00:00-04:00,119.9000015258789,121.5,114.55000305175781,117.3499984741211,3746280
2025-05-23 00:00:00-04:00,129.85000610351562,131.0,123.25,129.25,4841500
2025-05-27 00:00:00-04:00,117.05000305175781,119.25,109.44999694824219,109.75,2894780
2025-05-28 00:00:00-04:00,109.3499984741211,112.69999694824219,109.30000305175781,111.80000305175781,1752120
2025-05-29 00:00:00-04:00,107.30000305175781,114.19999694824219,107.30000305175781,111.6500015258789,3322320
2025-05-30 00:00:00-04:00,113.8499984741211,119.44999694824219,110.8499984741211,112.94999694824219,4620060
2025-06-02 00:00:00-04:00,114.4000015258789,115.69999694824219,110.5999984741211,110.6500015258789,2561860
2025-06-03 00:00:00-04:00,109.94999694824219,110.8499984741211,106.69999694824219,107.3499984741211,2286300
2025-06-04 00:00:00-04:00,106.8499984741211,108.30000305175781,106.19999694824219,106.69999694824219,2525120
2025-06-05 00:00:00-04:00,105.05000305175781,111.5,102.3499984741211,109.94999694824219,4842800
2025-06-06 00:00:00-04:00,105.5,106.0,102.5999984741211,103.25,2871560
2025-06-09 00:00:00-04:00,102.25,102.9000015258789,100.0999984741211,101.55000305175781,1806340
2025-06-10 00:00:00-04:00,101.0999984741211,102.25,99.8499984741211,100.94999694824219,2219660
2025-06-11 00:00:00-04:00,98.1500015258789,104.3499984741211,96.5,102.0,4924900
2025-06-12 00:00:00-04:00,104.0,105.0,101.3499984741211,103.75,2940700
2025-06-13 00:00:00-04:00,111.5999984741211,118.69999694824219,107.19999694824219,116.0999984741211,9469980
2025-06-16 00:00:00-04:00,109.19999694824219,109.3499984741211,102.55000305175781,103.94999694824219,4540360
2025-06-17 00:00:00-04:00,106.69999694824219,115.8499984741211,105.75,112.6500015258789,6346920
2025-06-18 00:00:00-04:00,112.9000015258789,114.6500015258789,105.44999694824219,108.4000015258789,5885900
2025-06-20 00:00:00-04:00,107.0,112.69999694824219,106.19999694824219,110.5,4730720
2025-06-23 00:00:00-04:00,109.8499984741211,116.80000305175781,107.80000305175781,108.0,8112940
2025-06-24 00:00:00-04:00,99.75,100.0,97.19999694824219,97.30000305175781,3685960
2025-06-25 00:00:00-04:00,95.55000305175781,97.69999694824219,95.19999694824219,95.4000015258789,1764160
2025-06-26 00:00:00-04:00,95.0999984741211,95.19999694824219,93.6500015258789,94.3499984741211,1838620
2025-06-27 00:00:00-04:00,93.44999694824219,97.3499984741211,93.19999694824219,94.55000305175781,2952920
2025-06-30 00:00:00-04:00,92.75,94.9000015258789,92.5,93.75,2224420
2025-07-01 00:00:00-04:00,94.69999694824219,94.80000305175781,92.25,93.5999984741211,3129820
2025-07-02 00:00:00-04:00,93.6500015258789,94.3499984741211,91.94999694824219,93.25,2796560
2025-07-03 00:00:00-04:00,90.75,92.69999694824219,90.0999984741211,92.25,3117260
2025-07-07 00:00:00-04:00,93.69999694824219,96.30000305175781,92.94999694824219,93.3499984741211,4923540
2025-07-08 00:00:00-04:00,90.94999694824219,91.44999694824219,89.19999694824219,90.19999694824219,2897380
2025-07-09 00:00:00-04:00,86.9000015258789,88.25,85.3499984741211,85.69999694824219,4020460
2025-07-10 00:00:00-04:00,85.0,85.9000015258789,84.1500015258789,84.5,2349260
2025-07-11 00:00:00-04:00,87.1500015258789,87.5999984741211,83.94999694824219,85.1500015258789,3539720
2025-07-14 00:00:00-04:00,86.44999694824219,87.3499984741211,85.69999694824219,87.0999984741211,2598960
2025-07-15 00:00:00-04:00,84.44999694824219,86.5999984741211,84.25,86.30000305175781,3031700
2025-07-16 00:00:00-04:00,85.80000305175781,93.4000015258789,85.3499984741211,87.19999694824219,5681660
2025-07-17 00:00:00-04:00,86.80000305175781,87.4000015258789,85.9000015258789,86.8499984741211,2082300
2025-07-18 00:00:00-04:00,85.25,86.5,84.80000305175781,84.9000015258789,2700740
2025-07-21 00:00:00-04:00,83.69999694824219,84.19999694824219,81.55000305175781,83.94999694824219,2688960
2025-07-22 00:00:00-04:00,83.55000305175781,86.75,83.1500015258789,83.5999984741211,3067620
2025-07-23 00:00:00-04:00,81.69999694824219,82.8499984741211,78.25,78.55000305175781,4412440
2025-07-24 00:00:00-04:00,77.75,78.5,76.75,78.0999984741211,2855280
2025-07-25 00:00:00-04:00,78.30000305175781,78.6500015258789,76.80000305175781,77.1500015258789,3222720
2025-07-28 00:00:00-04:00,74.6500015258789,75.5999984741211,73.80000305175781,73.94999694824219,4024940
2025-07-29 00:00:00-04:00,72.5999984741211,77.0999984741211,72.0,76.5,4785400
2025-07-30 00:00:00-04:00,76.0,78.8499984741211,74.9000015258789,77.0999984741211,5874580
2025-07-31 00:00:00-04:00,74.69999694824219,78.1500015258789,73.69999694824219,77.19999694824219,5998220
2025-08-01 00:00:00-04:00,82.94999694824219,89.6500015258789,82.80000305175781,86.94999694824219,13146760
2025-08-04 00:00:00-04:00,83.3499984741211,83.5,78.0,78.0,4184900
2025-08-05 00:00:00-04:00,77.69999694824219,82.69999694824219,77.5,79.30000305175781,3963960
2025-08-06 00:00:00-04:00,79.0,79.8499984741211,75.25,75.4000015258789,3575640
2025-08-07 00:00:00-04:00,73.9000015258789,78.0999984741211,73.55000305175781,76.19999694824219,3658080
2025-08-08 00:00:00-04:00,74.5,74.8499984741211,72.3499984741211,72.44999694824219,3976820
2025-08-11 00:00:00-04:00,72.0999984741211,73.5,71.30000305175781,72.80000305175781,2560100
2025-08-12 00:00:00-04:00,70.94999694824219,71.0999984741211,68.05000305175781,68.30000305175781,5289520
2025-08-13 00:00:00-04:00,66.80000305175781,68.3499984741211,66.69999694824219,67.5,3221220
2025-08-14 00:00:00-04:00,69.55000305175781,69.8499984741211,67.4000015258789,67.94999694824219,4127800
2025-08-15 00:00:00-04:00,67.30000305175781,68.5,67.0,67.5999984741211,4817820
2025-08-18 00:00:00-04:00,67.44999694824219,67.5,64.3499984741211,65.0999984741211,4755360
2025-08-19 00:00:00-04:00,64.1500015258789,67.5999984741211,64.0,66.94999694824219,5270260
2025-08-20 00:00:00-04:00,67.3499984741211,70.3499984741211,66.25,66.69999694824219,6548540
2025-08-21 00:00:00-04:00,68.0,69.6500015258789,67.0999984741211,68.05000305175781,3965500
2025-08-22 00:00:00-04:00,67.6500015258789,67.75,59.54999923706055,59.54999923706055,7376800
2025-08-25 00:00:00-04:00,60.599998474121094,61.150001525878906,59.349998474121094,59.95000076293945,2525840
2025-08-26 00:00:00-04:00,60.54999923706055,60.70000076293945,59.20000076293945,59.25,2075900
2025-08-27 00:00:00-04:00,59.650001525878906,60.79999923706055,59.20000076293945,59.5,2708420
2025-08-28 00:00:00-04:00,58.45000076293945,59.70000076293945,58.099998474121094,58.45000076293945,3023260
2025-08-29 00:00:00-04:00,58.400001525878906,61.099998474121094,57.849998474121094,60.29999923706055,4997660
2025-09-02 00:00:00-04:00,65.0,66.9000015258789,63.0,63.04999923706055,7868340
2025-09-03 00:00:00-04:00,62.5,62.75,60.599998474121094,60.650001525878906,4378600
2025-09-04 00:00:00-04:00,60.150001525878906,60.349998474121094,57.849998474121094,58.0,3567000
2025-09-05 00:00:00-04:00,55.900001525878906,60.650001525878906,55.79999923706055,58.20000076293945,6486940
2025-09-08 00:00:00-04:00,57.400001525878906,57.599998474121094,56.29999923706055,56.599998474121094,3558640
2025-09-09 00:00:00-04:00,56.900001525878906,58.04999923706055,56.0,56.20000076293945,3518040
2025-09-10 00:00:00-04:00,55.04999923706055,56.400001525878906,54.75,55.54999923706055,4996320
2025-09-11 00:00:00-04:00,54.349998474121094,54.79999923706055,53.650001525878906,53.70000076293945,3662620
2025-09-12 00:00:00-04:00,53.70000076293945,53.95000076293945,52.75,53.54999923706055,2724240
2025-09-15 00:00:00-04:00,52.75,54.70000076293945,52.599998474121094,54.400001525878906,4425660
2025-09-16 00:00:00-04:00,54.5,55.95000076293945,54.45000076293945,55.75,4717160
2025-09-17 00:00:00-04:00,55.150001525878906,55.29999923706055,51.54999923706055,52.75,8029340
2025-09-18 00:00:00-04:00,51.45000076293945,52.849998474121094,51.25,52.70000076293945,4424480
2025-09-19 00:00:00-04:00,51.900001525878906,53.70000076293945,51.900001525878906,52.54999923706055,3849980
2025-09-22 00:00:00-04:00,53.25,54.099998474121094,52.54999923706055,53.95000076293945,3928960
2025-09-23 00:00:00-04:00,53.599998474121094,56.25,53.54999923706055,54.79999923706055,7512600
2025-09-24 00:00:00-04:00,54.349998474121094,56.400001525878906,53.849998474121094,53.849998474121094,4318980
2025-09-25 00:00:00-04:00,55.650001525878906,56.5,53.25,55.04999923706055,7733440
2025-09-26 00:00:00-04:00,54.150001525878906,55.5,51.599998474121094,51.70000076293945,4924920
2025-09-29 00:00:00-04:00,51.349998474121094,53.20000076293945,51.20000076293945,52.400001525878906,4131340
2025-09-30 00:00:00-04:00,53.099998474121094,53.400001525878906,51.95000076293945,52.20000076293945,3098760
2025-10-01 00:00:00-04:00,53.04999923706055,53.150001525878906,51.599998474121094,51.95000076293945,3193600
2025-10-02 00:00:00-04:00,51.54999923706055,53.099998474121094,51.45000076293945,53.0,3901600
2025-10-03 00:00:00-04:00,52.45000076293945,53.599998474121094,52.150001525878906,52.5,3650620
2025-10-06 00:00:00-04:00,52.0,53.150001525878906,51.849998474121094,52.099998474121094,3001560
2025-10-07 00:00:00-04:00,51.900001525878906,54.349998474121094,51.599998474121094,53.70000076293945,5520800
2025-10-08 00:00:00-04:00,53.25,53.849998474121094,52.150001525878906,52.25,3351320
2025-10-09 00:00:00-04:00,52.0,53.79999923706055,51.75,52.45000076293945,4923460
2025-10-10 00:00:00-04:00,52.5,63.45000076293945,51.900001525878906,62.45000076293945,29043480
2025-10-13 00:00:00-04:00,57.5,58.0,54.79999923706055,55.54999923706055,7352040
2025-10-14 00:00:00-04:00,60.29999923706055,63.0,56.25,58.95000076293945,9357620
2025-10-15 00:00:00-04:00,56.75,62.20000076293945,56.150001525878906,59.75,7872680
2025-10-16 00:00:00-04:00,59.20000076293945,69.0999984741211,58.79999923706055,68.75,14542440
2025-10-17 00:00:00-04:00,66.69999694824219,70.5999984741211,60.45000076293945,60.5,12837660
2025-10-20 00:00:00-04:00,57.900001525878906,58.0,53.04999923706055,53.349998474121094,5693620
2025-10-21 00:00:00-04:00,54.099998474121094,55.5,52.150001525878906,52.79999923706055,4960000
2025-10-22 00:00:00-04:00,53.20000076293945,58.150001525878906,52.75,53.849998474121094,12164640
2025-10-23 00:00:00-04:00,54.29999923706055,54.70000076293945,52.0,52.20000076293945,5143780
2025-10-24 00:00:00-04:00,50.150001525878906,51.599998474121094,49.95000076293945,51.0,4808080
2025-10-27 00:00:00-04:00,48.79999923706055,49.54999923706055,48.25,48.650001525878906,4349340
2025-10-28 00:00:00-04:00,48.75,50.849998474121094,48.54999923706055,50.599998474121094,5191280
2025-10-29 00:00:00-04:00,50.150001525878906,52.20000076293945,49.29999923706055,52.04999923706055,8047540
2025-10-30 00:00:00-04:00,51.70000076293945,53.0,50.349998474121094,52.95000076293945,7051980
2025-10-31 00:00:00-04:00,51.04999923706055,54.79999923706055,50.900001525878906,53.04999923706055,6630340
2025-11-03 00:00:00-05:00,52.400001525878906,54.849998474121094,51.849998474121094,52.5,5097100
2025-11-04 00:00:00-05:00,55.54999923706055,56.25,53.349998474121094,55.099998474121094,9997100
2025-11-05 00:00:00-05:00,55.349998474121094,55.650001525878906,51.25,52.20000076293945,6205620
2025-11-06 00:00:00-05:00,52.79999923706055,56.599998474121094,52.29999923706055,55.5,11772560
2025-11-07 00:00:00-05:00,57.79999923706055,60.349998474121094,54.70000076293945,54.849998474121094,10701020
2025-11-10 00:00:00-05:00,51.5,52.04999923706055,50.04999923706055,50.349998474121094,6431460
2025-11-11 00:00:00-05:00,50.5,50.650001525878906,49.75,49.95000076293945,2787380
2025-11-12 00:00:00-05:00,49.5,51.400001525878906,49.5,50.54999923706055,4033220
2025-11-13 00:00:00-05:00,51.45000076293945,57.0,50.70000076293945,55.75,11096520
2025-11-14 00:00:00-05:00,58.29999923706055,59.5,52.75,54.150001525878906,10512420
2025-11-17 00:00:00-05:00,55.5,59.599998474121094,53.5,58.5,9380380
2025-11-18 00:00:00-05:00,60.849998474121094,63.849998474121094,58.349998474121094,61.099998474121094,13911540
2025-11-19 00:00:00-05:00,61.20000076293945,62.400001525878906,57.099998474121094,59.29999923706055,8139000
2025-11-20 00:00:00-05:00,53.52000045776367,66.38999938964844,52.810001373291016,65.6500015258789,15935400
2025-11-21 00:00:00-05:00,63.13999938964844,68.4800033569336,59.470001220703125,60.630001068115234,13611200
2025-11-24 00:00:00-05:00,59.0,59.33000183105469,53.849998474121094,53.849998474121094,9691400
2025-11-25 00:00:00-05:00,54.04999923706055,57.08000183105469,51.40999984741211,51.70000076293945,8096200
2025-11-26 00:00:00-05:00,50.779998779296875,51.029998779296875,49.0099983215332,49.4900016784668,8514500
2025-11-28 00:00:00-05:00,49.220001220703125,49.279998779296875,47.59000015258789,47.59000015258789,3862500
2025-12-01 00:00:00-05:00,49.40999984741211,49.4900016784668,46.849998474121094,47.849998474121094,8258800
2025-12-02 00:00:00-05:00,47.08000183105469,47.84000015258789,46.599998474121094,46.75,8150500
2025-12-03 00:00:00-05:00,47.61000061035156,47.790000915527344,46.15999984741211,46.43000030517578,6160900
2025-12-04 00:00:00-05:00,45.86000061035156,46.900001525878906,45.54999923706055,45.65999984741211,6654900
2025-12-05 00:00:00-05:00,45.38999938964844,45.869998931884766,44.75,44.7599983215332,7079200
2025-12-08 00:00:00-05:00,44.66999816894531,46.58000183105469,44.65999984741211,45.70000076293945,7999500
2025-12-09 00:00:00-05:00,45.95000076293945,46.25,44.97999954223633,45.91999816894531,6489100
2025-12-10 00:00:00-05:00,46.209999084472656,46.66999816894531,42.970001220703125,43.13999938964844,12377800
2025-12-11 00:00:00-05:00,43.790000915527344,45.119998931884766,42.09000015258789,42.209999084472656,10243800
2025-12-12 00:00:00-05:00,41.7599983215332,45.189998626708984,41.33000183105469,42.279998779296875,14623800
2025-12-15 00:00:00-05:00,41.59000015258789,43.7599983215332,41.43000030517578,42.220001220703125,9583300
2025-12-16 00:00:00-05:00,42.56999969482422,43.65999984741211,41.65999984741211,42.09000015258789,11821700
2025-12-17 00:00:00-05:00,41.779998779296875,43.38999938964844,41.15999984741211,43.25,11122000
2025-12-18 00:00:00-05:00,41.650001525878906,42.54999923706055,40.599998474121094,41.08000183105469,10864500
2025-12-19 00:00:00-05:00,40.400001525878906,40.45000076293945,38.529998779296875,38.65999984741211,6814300
2025-12-22 00:00:00-05:00,37.540000915527344,37.84000015258789,36.66999816894531,36.79999923706055,5383700
2025-12-23 00:00:00-05:00,37.08000183105469,37.15999984741211,36.61000061035156,36.97999954223633,4483100
2025-12-24 00:00:00-05:00,36.77000045776367,37.06999969482422,36.529998779296875,36.88999938964844,2140000
2025-12-26 00:00:00-05:00,36.56999969482422,37.470001220703125,36.529998779296875,36.7599983215332,3478600
2025-12-29 00:00:00-05:00,37.279998779296875,37.290000915527344,35.66999816894531,36.119998931884766,5015800
2025-12-30 00:00:00-05:00,35.939998626708984,35.939998626708984,35.099998474121094,35.41999816894531,4010000
2025-12-31 00:00:00-05:00,35.349998474121094,36.08000183105469,34.95000076293945,35.93000030517578,5205300
2026-01-02 00:00:00-05:00,34.86000061035156,35.84000015258789,34.63999938964844,34.970001220703125,6229700
2026-01-05 00:00:00-05:00,34.54999923706055,35.459999084472656,34.279998779296875,35.459999084472656,5397600
2026-01-06 00:00:00-05:00,35.41999816894531,35.459999084472656,34.619998931884766,34.72999954223633,5104200
2026-01-07 00:00:00-05:00,34.9900016784668,35.93000030517578,34.9900016784668,35.58000183105469,5587600
2026-01-08 00:00:00-05:00,35.84000015258789,35.9900016784668,34.779998779296875,35.150001525878906,6546500
2026-01-09 00:00:00-05:00,34.90999984741211,35.59000015258789,33.95000076293945,34.25,6870000
2026-01-12 00:00:00-05:00,35.36000061035156,35.36000061035156,34.220001220703125,34.34000015258789,4771900
2026-01-13 00:00:00-05:00,34.06999969482422,36.15999984741211,34.06999969482422,35.61000061035156,8853900
2026-01-14 00:00:00-05:00,36.970001220703125,38.40999984741211,36.459999084472656,37.02000045776367,12722900
2026-01-15 00:00:00-05:00,35.189998626708984,35.650001525878906,34.720001220703125,35.310001373291016,7637200
2026-01-16 00:00:00-05:00,35.029998779296875,35.9900016784668,34.779998779296875,35.540000915527344,6791400
2026-01-20 00:00:00-05:00,40.15999984741211,42.5,38.09000015258789,41.5099983215332,17095800
2026-01-21 00:00:00-05:00,38.95000076293945,39.7400016784668,35.20000076293945,35.779998779296875,12163800
2026-01-22 00:00:00-05:00,34.959999084472656,35.77000045776367,34.369998931884766,34.369998931884766,6410900
2026-01-23 00:00:00-05:00,35.099998474121094,35.540000915527344,34.06999969482422,35.40999984741211,7253000
2026-01-26 00:00:00-05:00,35.279998779296875,35.5099983215332,34.58000183105469,35.31999969482422,4765400
2026-01-27 00:00:00-05:00,35.2400016784668,36.25,34.81999969482422,36.25,4608500
2026-01-28 00:00:00-05:00,35.869998931884766,36.95000076293945,35.45000076293945,36.2599983215332,7369400
2026-01-29 00:00:00-05:00,36.959999084472656,39.90999984741211,36.54999923706055,36.65999984741211,10733300
2026-01-30 00:00:00-05:00,37.31999969482422,38.08000183105469,35.880001068115234,37.22999954223633,9137900
2026-02-02 00:00:00-05:00,36.91999816894531,36.91999816894531,34.31999969482422,34.630001068115234,8572700
2026-02-03 00:00:00-05:00,34.83000183105469,39.11000061035156,34.650001525878906,36.720001220703125,13430100
2026-02-04 00:00:00-05:00,36.380001068115234,39.93000030517578,36.029998779296875,37.66999816894531,15310400
2026-02-05 00:00:00-05:00,39.81999969482422,41.880001068115234,38.439998626708984,41.060001373291016,15047700
2026-02-06 00:00:00-05:00,39.220001220703125,39.459999084472656,36.79999923706055,37.29999923706055,8150300
2026-02-09 00:00:00-05:00,37.060001373291016,37.38999938964844,35.20000076293945,35.31999969482422,4765900
2026-02-10 00:00:00-05:00,35.459999084472656,36.5,35.16999816894531,36.279998779296875,6134100
2026-02-11 00:00:00-05:00,35.15999984741211,37.59000015258789,35.06999969482422,36.310001373291016,8882700
2026-02-12 00:00:00-05:00,35.7400016784668,39.849998474121094,35.43000030517578,39.72999954223633,13125300
2026-02-13 00:00:00-05:00,39.630001068115234,41.650001525878906,37.56999969482422,40.59000015258789,13565400
2026-02-17 00:00:00-05:00,41.0,42.599998474121094,38.16999816894531,38.43000030517578,10369200
2026-02-18 00:00:00-05:00,38.650001525878906,39.349998474121094,37.209999084472656,38.470001220703125,6833700
2026-02-19 00:00:00-05:00,40.0099983215332,41.18000030517578,39.54999923706055,40.029998779296875,7330900
2026-02-20 00:00:00-05:00,40.77000045776367,41.470001220703125,38.029998779296875,38.56999969482422,10299700
2026-02-23 00:00:00-05:00,38.779998779296875,41.31999969482422,38.029998779296875,40.97999954223633,10086200
2026-02-24 00:00:00-05:00,40.720001220703125,41.52000045776367,38.619998931884766,38.75,6203300
2026-02-25 00:00:00-05:00,37.779998779296875,38.02000045776367,36.619998931884766,36.720001220703125,5973900
2026-02-26 00:00:00-05:00,36.34000015258789,39.54999923706055,36.34000015258789,37.439998626708984,8953600
2026-02-27 00:00:00-05:00,40.27000045776367,40.90999984741211,38.560001373291016,39.650001525878906,10294100
2026-03-02 00:00:00-05:00,43.11000061035156,43.310001373291016,39.29999923706055,40.400001525878906,11303500
2026-03-03 00:00:00-05:00,45.04999923706055,49.59000015258789,41.439998626708984,43.150001525878906,18140700
2026-03-04 00:00:00-05:00,42.40999984741211,43.02000045776367,39.77000045776367,40.689998626708984,10370800
2026-03-05 00:00:00-05:00,42.56999969482422,47.61000061035156,41.650001525878906,44.75,14845900
2026-03-06 00:00:00-05:00,50.0,54.25,48.0099983215332,54.09000015258789,13327500
2026-03-09 00:00:00-04:00,54.880001068115234,57.95000076293945,45.0,46.0,13917600
2026-03-10 00:00:00-04:00,46.65999984741211,49.79999923706055,43.029998779296875,49.79999923706055,9770500
2026-03-11 00:00:00-04:00,48.400001525878906,49.540000915527344,46.02000045776367,46.2599983215332,8733300
2026-03-12 00:00:00-04:00,49.5,51.15999984741211,48.31999969482422,50.81999969482422,6476700
2026-03-13 00:00:00-04:00,48.93000030517578,52.41999816894531,47.61000061035156,52.290000915527344,6576400
2026-03-16 00:00:00-04:00,49.349998474121094,49.470001220703125,46.08000183105469,46.08000183105469,7856600
2026-03-17 00:00:00-04:00,45.25,45.91999816894531,44.06999969482422,45.279998779296875,5627200
2026-03-18 00:00:00-04:00,47.279998779296875,51.2599983215332,47.04999923706055,51.029998779296875,8097000
2026-03-19 00:00:00-04:00,54.59000015258789,55.5,47.25,48.97999954223633,9020000
2026-03-20 00:00:00-04:00,49.20000076293945,55.15999984741211,49.11000061035156,54.099998474121094,8959700
2026-03-23 00:00:00-04:00,48.38999938964844,51.900001525878906,46.540000915527344,49.880001068115234,8918800
2026-03-24 00:00:00-04:00,52.150001525878906,52.720001220703125,48.7599983215332,51.560001373291016,6028600
2026-03-25 00:00:00-04:00,49.56999969482422,51.91999816894531,48.79999923706055,49.84000015258789,5149800
2026-03-26 00:00:00-04:00,51.56999969482422,55.38999938964844,50.470001220703125,55.04999923706055,5441100
2026-03-27 00:00:00-04:00,56.68000030517578,62.18000030517578,56.27000045776367,61.650001525878906,8072100
2026-03-30 00:00:00-04:00,57.720001220703125,62.529998779296875,57.720001220703125,60.90999984741211,6116100
2026-03-31 00:00:00-04:00,56.54999923706055,58.279998779296875,51.869998931884766,52.29999923706055,8930600
2026-04-01 00:00:00-04:00,51.220001220703125,52.779998779296875,49.40999984741211,50.52000045776367,5272700
2026-04-02 00:00:00-04:00,55.220001220703125,55.91999816894531,49.93000030517578,50.529998779296875,5851100
2026-04-06 00:00:00-04:00,50.529998779296875,50.630001068115234,48.150001525878906,48.61000061035156,3604700
2026-04-07 00:00:00-04:00,50.16999816894531,53.869998931884766,49.90999984741211,51.16999816894531,7350100
2026-04-08 00:00:00-04:00,43.400001525878906,46.25,42.400001525878906,43.959999084472656,7279400
2026-04-09 00:00:00-04:00,44.150001525878906,44.33000183105469,41.0099983215332,41.130001068115234,4954900
2026-04-10 00:00:00-04:00,40.75,42.47999954223633,40.43000030517578,41.91999816894531,3857300
2026-04-13 00:00:00-04:00,42.56999969482422,42.86000061035156,39.36000061035156,39.56999969482422,5163500
2026-04-14 00:00:00-04:00,37.959999084472656,39.029998779296875,37.75,38.7599983215332,5482900
2026-04-15 00:00:00-04:00,38.189998626708984,39.439998626708984,38.02000045776367,38.95000076293945,5286000
2026-04-16 00:00:00-04:00,38.779998779296875,40.130001068115234,38.279998779296875,38.849998474121094,10902600
2026-04-17 00:00:00-04:00,37.369998931884766,38.16999816894531,36.91999816894531,38.150001525878906,8334900
2026-04-20 00:00:00-04:00,38.779998779296875,39.880001068115234,38.540000915527344,38.79999923706055,9627600
2026-04-21 00:00:00-04:00,38.72999954223633,40.95000076293945,38.630001068115234,39.849998474121094,7042500
2026-04-22 00:00:00-04:00,38.369998931884766,39.86000061035156,38.36000061035156,39.36000061035156,7017100
2026-04-23 00:00:00-04:00,39.529998779296875,42.0,38.88999938964844,38.970001220703125,12106000
2026-04-24 00:00:00-04:00,38.900001525878906,39.93000030517578,38.33000183105469,39.720001220703125,9503500
2026-04-27 00:00:00-04:00,39.27000045776367,39.40999984741211,37.689998626708984,37.86000061035156,5282600
2026-04-28 00:00:00-04:00,38.83000183105469,38.97999954223633,36.650001525878906,36.650001525878906,8614900
2026-04-29 00:00:00-04:00,36.959999084472656,38.68000030517578,36.66999816894531,38.02000045776367,6208100
2026-04-30 00:00:00-04:00,37.43000030517578,38.2599983215332,36.279998779296875,36.4900016784668,4261900
2026-05-01 00:00:00-04:00,35.970001220703125,36.88999938964844,35.689998626708984,36.88999938964844,3913100
2026-05-04 00:00:00-04:00,36.880001068115234,38.58000183105469,35.459999084472656,37.33000183105469,6864900
2026-05-05 00:00:00-04:00,36.2599983215332,37.68000030517578,36.150001525878906,37.459999084472656,9292100
2026-05-06 00:00:00-04:00,35.9900016784668,36.61000061035156,35.7400016784668,36.369998931884766,7568300
2026-05-07 00:00:00-04:00,35.869998931884766,36.66999816894531,35.61000061035156,35.84000015258789,10527600
2026-05-08 00:00:00-04:00,35.81999969482422,36.36000061035156,35.25,36.099998474121094,6213700
2026-05-11 00:00:00-04:00,36.150001525878906,37.130001068115234,35.77000045776367,36.97999954223633,6066500
2026-05-12 00:00:00-04:00,37.290000915527344,37.79999923706055,35.31999969482422,35.7400016784668,14081400
2026-05-13 00:00:00-04:00,35.900001525878906,36.97999954223633,35.54999923706055,36.709999084472656,13702700
2026-05-14 00:00:00-04:00,36.27000045776367,36.9900016784668,35.060001373291016,35.43000030517578,10061400
